Date,Name,Retail Price,Used Price
01-01-24,GeForce GTX 1050,0,0
01-02-24,GeForce GTX 1050,0,0
01-03-23,GeForce GTX 1050,192,61
01-03-24,GeForce GTX 1050,254,52
01-04-23,GeForce GTX 1050,181,55
01-04-24,GeForce GTX 1050,254,52
01-05-23,GeForce GTX 1050,162,62
01-05-24,GeForce GTX 1050,254,52
01-06-23,GeForce GTX 1050,176,54
01-06-24,GeForce GTX 1050,254,52
01-07-23,GeForce GTX 1050,190,52
01-07-24,GeForce GTX 1050,254,52
01-08-23,GeForce GTX 1050,179,51
01-08-24,GeForce GTX 1050,254,52
01-09-23,GeForce GTX 1050,174,52
01-09-24,GeForce GTX 1050,254,52
01-10-23,GeForce GTX 1050,254,52
01-10-24,GeForce GTX 1050,254,52
01-11-23,GeForce GTX 1050,0,0
01-11-24,GeForce GTX 1050,254,52
01-12-23,GeForce GTX 1050,0,0
01-12-24,GeForce GTX 1050,254,52
01-01-24,GeForce GTX 1050 Ti,0,0
01-02-24,GeForce GTX 1050 Ti,0,0
01-03-23,GeForce GTX 1050 Ti,198,80
01-03-24,GeForce GTX 1050 Ti,190,65
01-04-23,GeForce GTX 1050 Ti,195,75
01-04-24,GeForce GTX 1050 Ti,190,65
01-05-23,GeForce GTX 1050 Ti,201,78
01-05-24,GeForce GTX 1050 Ti,190,65
01-06-23,GeForce GTX 1050 Ti,199,67
01-06-24,GeForce GTX 1050 Ti,190,65
01-07-23,GeForce GTX 1050 Ti,195,62
01-07-24,GeForce GTX 1050 Ti,190,65
01-08-23,GeForce GTX 1050 Ti,172,61
01-08-24,GeForce GTX 1050 Ti,190,65
01-09-23,GeForce GTX 1050 Ti,186,57
01-09-24,GeForce GTX 1050 Ti,190,65
01-10-23,GeForce GTX 1050 Ti,183,62
01-10-24,GeForce GTX 1050 Ti,190,65
01-11-23,GeForce GTX 1050 Ti,0,0
01-11-24,GeForce GTX 1050 Ti,190,65
01-12-23,GeForce GTX 1050 Ti,0,0
01-12-24,GeForce GTX 1050 Ti,190,65
01-01-23,GeForce GTX 1060,277,91
01-01-24,GeForce GTX 1060,0,73
01-02-23,GeForce GTX 1060,254,83
01-02-24,GeForce GTX 1060,0,75
01-03-23,GeForce GTX 1060,239,79
01-03-24,GeForce GTX 1060,0,71
01-04-23,GeForce GTX 1060,384,72
01-04-24,GeForce GTX 1060,0,70
01-05-23,GeForce GTX 1060,282,74
01-05-24,GeForce GTX 1060,0,68
01-06-23,GeForce GTX 1060,195,66
01-06-24,GeForce GTX 1060,0,66
01-07-23,GeForce GTX 1060,323,66
01-07-24,GeForce GTX 1060,0,64
01-08-23,GeForce GTX 1060,359,62
01-08-24,GeForce GTX 1060,339,63
01-09-23,GeForce GTX 1060,284,52
01-09-24,GeForce GTX 1060,339,54
01-10-23,GeForce GTX 1060,184,61
01-10-24,GeForce GTX 1060,0,50
01-11-22,GeForce GTX 1060,259,197
01-11-23,GeForce GTX 1060,0,65
01-11-24,GeForce GTX 1060,339,59
01-12-22,GeForce GTX 1060,259,107
01-12-23,GeForce GTX 1060,0,68
01-12-24,GeForce GTX 1060,339,60
01-01-23,GeForce GTX 1650,134,87
01-01-24,GeForce GTX 1650,164,89
01-02-23,GeForce GTX 1650,144,77
01-02-24,GeForce GTX 1650,159,93
01-03-23,GeForce GTX 1650,144,66
01-03-24,GeForce GTX 1650,155,88
01-04-23,GeForce GTX 1650,140,79
01-04-24,GeForce GTX 1650,149,87
01-05-23,GeForce GTX 1650,146,96
01-05-24,GeForce GTX 1650,149,84
01-06-23,GeForce GTX 1650,140,85
01-06-24,GeForce GTX 1650,146,74
01-07-23,GeForce GTX 1650,141,81
01-07-24,GeForce GTX 1650,147,79
01-08-23,GeForce GTX 1650,148,76
01-08-24,GeForce GTX 1650,149,72
01-09-23,GeForce GTX 1650,162,76
01-09-24,GeForce GTX 1650,146,66
01-10-23,GeForce GTX 1650,137,77
01-10-24,GeForce GTX 1650,135,65
01-11-22,GeForce GTX 1650,139,198
01-11-23,GeForce GTX 1650,143,81
01-11-24,GeForce GTX 1650,149,50
01-12-22,GeForce GTX 1650,132,105
01-12-23,GeForce GTX 1650,165,88
01-12-24,GeForce GTX 1650,170,63
01-01-23,GeForce GTX 1660 SUPER,273,125
01-01-24,GeForce GTX 1660 SUPER,222,121
01-02-23,GeForce GTX 1660 SUPER,263,116
01-02-24,GeForce GTX 1660 SUPER,229,114
01-03-23,GeForce GTX 1660 SUPER,256,118
01-03-24,GeForce GTX 1660 SUPER,225,110
01-04-23,GeForce GTX 1660 SUPER,215,111
01-04-24,GeForce GTX 1660 SUPER,220,100
01-05-23,GeForce GTX 1660 SUPER,176,110
01-05-24,GeForce GTX 1660 SUPER,208,97
01-06-23,GeForce GTX 1660 SUPER,164,96
01-06-24,GeForce GTX 1660 SUPER,224,95
01-07-23,GeForce GTX 1660 SUPER,167,91
01-07-24,GeForce GTX 1660 SUPER,234,95
01-08-23,GeForce GTX 1660 SUPER,165,99
01-08-24,GeForce GTX 1660 SUPER,252,93
01-09-23,GeForce GTX 1660 SUPER,168,74
01-09-24,GeForce GTX 1660 SUPER,264,88
01-10-23,GeForce GTX 1660 SUPER,196,91
01-10-24,GeForce GTX 1660 SUPER,255,86
01-11-22,GeForce GTX 1660 SUPER,195,203
01-11-23,GeForce GTX 1660 SUPER,194,90
01-11-24,GeForce GTX 1660 SUPER,270,87
01-12-22,GeForce GTX 1660 SUPER,290,135
01-12-23,GeForce GTX 1660 SUPER,221,107
01-12-24,GeForce GTX 1660 SUPER,237,90
01-01-23,GeForce GTX 1660 Ti,323,142
01-01-24,GeForce GTX 1660 Ti,367,125
01-02-23,GeForce GTX 1660 Ti,261,126
01-02-24,GeForce GTX 1660 Ti,331,118
01-03-23,GeForce GTX 1660 Ti,240,131
01-03-24,GeForce GTX 1660 Ti,327,127
01-04-23,GeForce GTX 1660 Ti,274,128
01-04-24,GeForce GTX 1660 Ti,328,119
01-05-23,GeForce GTX 1660 Ti,184,133
01-05-24,GeForce GTX 1660 Ti,353,112
01-06-23,GeForce GTX 1660 Ti,210,115
01-06-24,GeForce GTX 1660 Ti,361,112
01-07-23,GeForce GTX 1660 Ti,244,106
01-07-24,GeForce GTX 1660 Ti,343,102
01-08-23,GeForce GTX 1660 Ti,216,101
01-08-24,GeForce GTX 1660 Ti,307,103
01-09-23,GeForce GTX 1660 Ti,176,100
01-09-24,GeForce GTX 1660 Ti,307,102
01-10-23,GeForce GTX 1660 Ti,299,100
01-10-24,GeForce GTX 1660 Ti,307,109
01-11-22,GeForce GTX 1660 Ti,259,207
01-11-23,GeForce GTX 1660 Ti,348,102
01-11-24,GeForce GTX 1660 Ti,307,94
01-12-22,GeForce GTX 1660 Ti,431,148
01-12-23,GeForce GTX 1660 Ti,528,109
01-12-24,GeForce GTX 1660 Ti,307,99
01-01-23,GeForce RTX 2060,385,162
01-01-24,GeForce RTX 2060,316,145
01-02-23,GeForce RTX 2060,321,173
01-02-24,GeForce RTX 2060,285,154
01-03-23,GeForce RTX 2060,287,170
01-03-24,GeForce RTX 2060,269,148
01-04-23,GeForce RTX 2060,318,158
01-04-24,GeForce RTX 2060,323,151
01-05-23,GeForce RTX 2060,278,153
01-05-24,GeForce RTX 2060,331,141
01-06-23,GeForce RTX 2060,256,136
01-06-24,GeForce RTX 2060,323,136
01-07-23,GeForce RTX 2060,248,135
01-07-24,GeForce RTX 2060,411,129
01-08-23,GeForce RTX 2060,279,130
01-08-24,GeForce RTX 2060,453,124
01-09-23,GeForce RTX 2060,276,130
01-09-24,GeForce RTX 2060,410,113
01-10-23,GeForce RTX 2060,211,130
01-10-24,GeForce RTX 2060,403,122
01-11-22,GeForce RTX 2060,329,199
01-11-23,GeForce RTX 2060,198,137
01-11-24,GeForce RTX 2060,385,129
01-12-22,GeForce RTX 2060,379,184
01-12-23,GeForce RTX 2060,306,144
01-12-24,GeForce RTX 2060,342,140
01-01-23,GeForce RTX 2080 Ti,1521,366
01-01-24,GeForce RTX 2080 Ti,0,308
01-02-23,GeForce RTX 2080 Ti,999,356
01-02-24,GeForce RTX 2080 Ti,0,296
01-03-23,GeForce RTX 2080 Ti,0,350
01-03-24,GeForce RTX 2080 Ti,0,291
01-04-23,GeForce RTX 2080 Ti,999,350
01-04-24,GeForce RTX 2080 Ti,0,283
01-05-23,GeForce RTX 2080 Ti,728,345
01-05-24,GeForce RTX 2080 Ti,0,246
01-06-23,GeForce RTX 2080 Ti,1455,332
01-06-24,GeForce RTX 2080 Ti,0,265
01-07-23,GeForce RTX 2080 Ti,1411,326
01-07-24,GeForce RTX 2080 Ti,1299,259
01-08-23,GeForce RTX 2080 Ti,1241,320
01-08-24,GeForce RTX 2080 Ti,1299,250
01-09-23,GeForce RTX 2080 Ti,1310,305
01-09-24,GeForce RTX 2080 Ti,1299,252
01-10-23,GeForce RTX 2080 Ti,1375,287
01-10-24,GeForce RTX 2080 Ti,1299,234
01-11-22,GeForce RTX 2080 Ti,799,418
01-11-23,GeForce RTX 2080 Ti,1400,288
01-11-24,GeForce RTX 2080 Ti,1296,241
01-12-22,GeForce RTX 2080 Ti,1859,387
01-12-23,GeForce RTX 2080 Ti,0,305
01-12-24,GeForce RTX 2080 Ti,1295,222
01-01-23,GeForce RTX 3050,302,237
01-01-24,GeForce RTX 3050,217,180
01-02-23,GeForce RTX 3050,300,232
01-02-24,GeForce RTX 3050,220,179
01-03-23,GeForce RTX 3050,285,229
01-03-24,GeForce RTX 3050,240,173
01-04-23,GeForce RTX 3050,280,206
01-04-24,GeForce RTX 3050,210,172
01-05-23,GeForce RTX 3050,265,202
01-05-24,GeForce RTX 3050,203,158
01-06-23,GeForce RTX 3050,220,181
01-06-24,GeForce RTX 3050,203,152
01-07-23,GeForce RTX 3050,225,181
01-07-24,GeForce RTX 3050,188,153
01-08-23,GeForce RTX 3050,228,184
01-08-24,GeForce RTX 3050,198,146
01-09-23,GeForce RTX 3050,221,178
01-09-24,GeForce RTX 3050,211,149
01-10-23,GeForce RTX 3050,216,161
01-10-24,GeForce RTX 3050,210,145
01-11-22,GeForce RTX 3050,309,255
01-11-23,GeForce RTX 3050,216,167
01-11-24,GeForce RTX 3050,218,144
01-12-22,GeForce RTX 3050,295,245
01-12-23,GeForce RTX 3050,212,180
01-12-24,GeForce RTX 3050,212,150
01-01-23,GeForce RTX 3060,362,259
01-01-24,GeForce RTX 3060,284,226
01-02-23,GeForce RTX 3060,333,260
01-02-24,GeForce RTX 3060,288,231
01-03-23,GeForce RTX 3060,348,272
01-03-24,GeForce RTX 3060,293,234
01-04-23,GeForce RTX 3060,344,253
01-04-24,GeForce RTX 3060,288,225
01-05-23,GeForce RTX 3060,314,244
01-05-24,GeForce RTX 3060,289,215
01-06-23,GeForce RTX 3060,280,221
01-06-24,GeForce RTX 3060,282,212
01-07-23,GeForce RTX 3060,276,213
01-07-24,GeForce RTX 3060,276,202
01-08-23,GeForce RTX 3060,270,208
01-08-24,GeForce RTX 3060,280,207
01-09-23,GeForce RTX 3060,278,209
01-09-24,GeForce RTX 3060,279,198
01-10-23,GeForce RTX 3060,280,203
01-10-24,GeForce RTX 3060,281,198
01-11-22,GeForce RTX 3060,367,255
01-11-23,GeForce RTX 3060,279,212
01-11-24,GeForce RTX 3060,280,202
01-12-22,GeForce RTX 3060,362,264
01-12-23,GeForce RTX 3060,287,224
01-12-24,GeForce RTX 3060,280,210
01-01-23,GeForce RTX 3060 Ti,495,302
01-01-24,GeForce RTX 3060 Ti,360,265
01-02-23,GeForce RTX 3060 Ti,502,298
01-02-24,GeForce RTX 3060 Ti,415,252
01-03-23,GeForce RTX 3060 Ti,439,291
01-03-24,GeForce RTX 3060 Ti,443,253
01-04-23,GeForce RTX 3060 Ti,428,282
01-04-24,GeForce RTX 3060 Ti,356,243
01-05-23,GeForce RTX 3060 Ti,391,264
01-05-24,GeForce RTX 3060 Ti,361,223
01-06-23,GeForce RTX 3060 Ti,331,245
01-06-24,GeForce RTX 3060 Ti,441,234
01-07-23,GeForce RTX 3060 Ti,325,235
01-07-24,GeForce RTX 3060 Ti,458,217
01-08-23,GeForce RTX 3060 Ti,323,225
01-08-24,GeForce RTX 3060 Ti,412,217
01-09-23,GeForce RTX 3060 Ti,329,222
01-09-24,GeForce RTX 3060 Ti,428,216
01-10-23,GeForce RTX 3060 Ti,329,214
01-10-24,GeForce RTX 3060 Ti,418,217
01-11-22,GeForce RTX 3060 Ti,439,287
01-11-23,GeForce RTX 3060 Ti,367,225
01-11-24,GeForce RTX 3060 Ti,492,224
01-12-22,GeForce RTX 3060 Ti,514,296
01-12-23,GeForce RTX 3060 Ti,400,243
01-12-24,GeForce RTX 3060 Ti,549,151
01-01-23,GeForce RTX 3070,601,353
01-01-24,GeForce RTX 3070,457,302
01-02-23,GeForce RTX 3070,588,351
01-02-24,GeForce RTX 3070,485,284
01-03-23,GeForce RTX 3070,557,347
01-03-24,GeForce RTX 3070,449,293
01-04-23,GeForce RTX 3070,557,324
01-04-24,GeForce RTX 3070,430,277
01-05-23,GeForce RTX 3070,492,295
01-05-24,GeForce RTX 3070,446,259
01-06-23,GeForce RTX 3070,447,267
01-06-24,GeForce RTX 3070,436,257
01-07-23,GeForce RTX 3070,454,268
01-07-24,GeForce RTX 3070,426,246
01-08-23,GeForce RTX 3070,453,267
01-08-24,GeForce RTX 3070,424,243
01-09-23,GeForce RTX 3070,456,263
01-09-24,GeForce RTX 3070,434,228
01-10-23,GeForce RTX 3070,505,255
01-10-24,GeForce RTX 3070,505,249
01-11-22,GeForce RTX 3070,569,344
01-11-23,GeForce RTX 3070,434,251
01-11-24,GeForce RTX 3070,542,254
01-12-22,GeForce RTX 3070,581,349
01-12-23,GeForce RTX 3070,446,274
01-12-24,GeForce RTX 3070,598,271
01-01-23,GeForce RTX 3070 Ti,688,459
01-01-24,GeForce RTX 3070 Ti,497,327
01-02-23,GeForce RTX 3070 Ti,665,433
01-02-24,GeForce RTX 3070 Ti,493,340
01-03-23,GeForce RTX 3070 Ti,661,409
01-03-24,GeForce RTX 3070 Ti,461,335
01-04-23,GeForce RTX 3070 Ti,597,391
01-04-24,GeForce RTX 3070 Ti,532,329
01-05-23,GeForce RTX 3070 Ti,537,363
01-05-24,GeForce RTX 3070 Ti,505,310
01-06-23,GeForce RTX 3070 Ti,504,339
01-06-24,GeForce RTX 3070 Ti,512,304
01-07-23,GeForce RTX 3070 Ti,487,336
01-07-24,GeForce RTX 3070 Ti,514,298
01-08-23,GeForce RTX 3070 Ti,501,325
01-08-24,GeForce RTX 3070 Ti,633,286
01-09-23,GeForce RTX 3070 Ti,527,329
01-09-24,GeForce RTX 3070 Ti,606,304
01-10-23,GeForce RTX 3070 Ti,504,329
01-10-24,GeForce RTX 3070 Ti,651,312
01-11-22,GeForce RTX 3070 Ti,679,462
01-11-23,GeForce RTX 3070 Ti,506,321
01-11-24,GeForce RTX 3070 Ti,699,316
01-12-22,GeForce RTX 3070 Ti,718,468
01-12-23,GeForce RTX 3070 Ti,494,335
01-12-24,GeForce RTX 3070 Ti,890,331
01-01-23,GeForce RTX 3080,939,513
01-01-24,GeForce RTX 3080,679,423
01-02-23,GeForce RTX 3080,926,495
01-02-24,GeForce RTX 3080,663,404
01-03-23,GeForce RTX 3080,881,466
01-03-24,GeForce RTX 3080,575,404
01-04-23,GeForce RTX 3080,896,438
01-04-24,GeForce RTX 3080,509,387
01-05-23,GeForce RTX 3080,875,411
01-05-24,GeForce RTX 3080,525,355
01-06-23,GeForce RTX 3080,869,397
01-06-24,GeForce RTX 3080,718,363
01-07-23,GeForce RTX 3080,884,390
01-07-24,GeForce RTX 3080,1003,357
01-08-23,GeForce RTX 3080,822,379
01-08-24,GeForce RTX 3080,865,357
01-09-23,GeForce RTX 3080,616,386
01-09-24,GeForce RTX 3080,708,356
01-10-23,GeForce RTX 3080,669,382
01-10-24,GeForce RTX 3080,767,335
01-11-22,GeForce RTX 3080,790,546
01-11-23,GeForce RTX 3080,703,367
01-11-24,GeForce RTX 3080,763,367
01-12-22,GeForce RTX 3080,903,535
01-12-23,GeForce RTX 3080,679,372
01-12-24,GeForce RTX 3080,822,341
01-01-23,GeForce RTX 3080 Ti,1217,701
01-01-24,GeForce RTX 3080 Ti,1443,567
01-02-23,GeForce RTX 3080 Ti,1190,650
01-02-24,GeForce RTX 3080 Ti,1392,535
01-03-23,GeForce RTX 3080 Ti,1169,603
01-03-24,GeForce RTX 3080 Ti,1474,532
01-04-23,GeForce RTX 3080 Ti,1235,589
01-04-24,GeForce RTX 3080 Ti,1323,522
01-05-23,GeForce RTX 3080 Ti,983,575
01-05-24,GeForce RTX 3080 Ti,1197,494
01-06-23,GeForce RTX 3080 Ti,1038,562
01-06-24,GeForce RTX 3080 Ti,1196,473
01-07-23,GeForce RTX 3080 Ti,989,560
01-07-24,GeForce RTX 3080 Ti,1148,466
01-08-23,GeForce RTX 3080 Ti,894,514
01-08-24,GeForce RTX 3080 Ti,1137,463
01-09-23,GeForce RTX 3080 Ti,930,535
01-09-24,GeForce RTX 3080 Ti,1090,477
01-10-23,GeForce RTX 3080 Ti,850,493
01-10-24,GeForce RTX 3080 Ti,1131,462
01-11-22,GeForce RTX 3080 Ti,1149,818
01-11-23,GeForce RTX 3080 Ti,880,517
01-11-24,GeForce RTX 3080 Ti,1023,448
01-12-22,GeForce RTX 3080 Ti,1159,758
01-12-23,GeForce RTX 3080 Ti,894,545
01-12-24,GeForce RTX 3080 Ti,1093,423
01-01-23,GeForce RTX 3090,1430,737
01-01-24,GeForce RTX 3090,1812,776
01-02-23,GeForce RTX 3090,1223,684
01-02-24,GeForce RTX 3090,1982,760
01-03-23,GeForce RTX 3090,1345,678
01-03-24,GeForce RTX 3090,2100,752
01-04-23,GeForce RTX 3090,1056,673
01-04-24,GeForce RTX 3090,1829,765
01-05-23,GeForce RTX 3090,928,681
01-05-24,GeForce RTX 3090,1669,719
01-06-23,GeForce RTX 3090,1025,663
01-06-24,GeForce RTX 3090,1855,680
01-07-23,GeForce RTX 3090,1077,682
01-07-24,GeForce RTX 3090,1840,638
01-08-23,GeForce RTX 3090,954,675
01-08-24,GeForce RTX 3090,1978,645
01-09-23,GeForce RTX 3090,1323,610
01-09-24,GeForce RTX 3090,1848,670
01-10-23,GeForce RTX 3090,1511,606
01-10-24,GeForce RTX 3090,2026,698
01-11-22,GeForce RTX 3090,1489,768
01-11-23,GeForce RTX 3090,1862,664
01-11-24,GeForce RTX 3090,0,664
01-12-22,GeForce RTX 3090,1490,797
01-12-23,GeForce RTX 3090,1854,693
01-12-24,GeForce RTX 3090,2070,493
01-01-24,GeForce RTX 4060,294,299
01-02-24,GeForce RTX 4060,294,278
01-03-24,GeForce RTX 4060,293,290
01-04-24,GeForce RTX 4060,295,290
01-05-24,GeForce RTX 4060,295,281
01-06-23,GeForce RTX 4060,299,0
01-06-24,GeForce RTX 4060,293,277
01-07-23,GeForce RTX 4060,297,0
01-07-24,GeForce RTX 4060,293,271
01-08-23,GeForce RTX 4060,291,0
01-08-24,GeForce RTX 4060,285,263
01-09-23,GeForce RTX 4060,298,585
01-09-24,GeForce RTX 4060,292,259
01-10-23,GeForce RTX 4060,293,338
01-10-24,GeForce RTX 4060,295,262
01-11-23,GeForce RTX 4060,291,285
01-11-24,GeForce RTX 4060,291,273
01-12-23,GeForce RTX 4060,298,311
01-12-24,GeForce RTX 4060,295,258
01-01-24,GeForce RTX 4060 Ti,385,392
01-02-24,GeForce RTX 4060 Ti,376,365
01-03-24,GeForce RTX 4060 Ti,382,376
01-04-24,GeForce RTX 4060 Ti,381,357
01-05-24,GeForce RTX 4060 Ti,384,330
01-06-23,GeForce RTX 4060 Ti,385,0
01-06-24,GeForce RTX 4060 Ti,373,321
01-07-23,GeForce RTX 4060 Ti,383,0
01-07-24,GeForce RTX 4060 Ti,369,322
01-08-23,GeForce RTX 4060 Ti,376,0
01-08-24,GeForce RTX 4060 Ti,377,311
01-09-23,GeForce RTX 4060 Ti,382,394
01-09-24,GeForce RTX 4060 Ti,380,316
01-10-23,GeForce RTX 4060 Ti,371,371
01-10-24,GeForce RTX 4060 Ti,389,320
01-11-23,GeForce RTX 4060 Ti,370,349
01-11-24,GeForce RTX 4060 Ti,391,300
01-12-23,GeForce RTX 4060 Ti,381,387
01-12-24,GeForce RTX 4060 Ti,396,293
01-01-24,GeForce RTX 4070,549,516
01-02-24,GeForce RTX 4070,532,493
01-03-24,GeForce RTX 4070,532,489
01-04-23,GeForce RTX 4070,628,0
01-04-24,GeForce RTX 4070,541,494
01-05-23,GeForce RTX 4070,599,612
01-05-24,GeForce RTX 4070,553,481
01-06-23,GeForce RTX 4070,599,730
01-06-24,GeForce RTX 4070,549,466
01-07-23,GeForce RTX 4070,596,666
01-07-24,GeForce RTX 4070,548,470
01-08-23,GeForce RTX 4070,596,571
01-08-24,GeForce RTX 4070,540,452
01-09-23,GeForce RTX 4070,572,484
01-09-24,GeForce RTX 4070,542,467
01-10-23,GeForce RTX 4070,550,531
01-10-24,GeForce RTX 4070,548,424
01-11-23,GeForce RTX 4070,540,533
01-11-24,GeForce RTX 4070,525,434
01-12-23,GeForce RTX 4070,546,544
01-12-24,GeForce RTX 4070,539,369
01-01-24,GeForce RTX 4070 SUPER,599,0
01-02-24,GeForce RTX 4070 SUPER,595,0
01-03-24,GeForce RTX 4070 SUPER,589,994
01-04-24,GeForce RTX 4070 SUPER,590,598
01-05-24,GeForce RTX 4070 SUPER,592,552
01-06-24,GeForce RTX 4070 SUPER,584,569
01-07-24,GeForce RTX 4070 SUPER,582,542
01-08-24,GeForce RTX 4070 SUPER,581,545
01-09-24,GeForce RTX 4070 SUPER,591,697
01-10-24,GeForce RTX 4070 SUPER,595,571
01-11-24,GeForce RTX 4070 SUPER,595,529
01-12-24,GeForce RTX 4070 SUPER,599,613
01-01-23,GeForce RTX 4070 Ti,816,0
01-01-24,GeForce RTX 4070 Ti,757,695
01-02-23,GeForce RTX 4070 Ti,821,789
01-02-24,GeForce RTX 4070 Ti,743,654
01-03-23,GeForce RTX 4070 Ti,825,810
01-03-24,GeForce RTX 4070 Ti,713,636
01-04-23,GeForce RTX 4070 Ti,829,737
01-04-24,GeForce RTX 4070 Ti,740,618
01-05-23,GeForce RTX 4070 Ti,802,732
01-05-24,GeForce RTX 4070 Ti,768,595
01-06-23,GeForce RTX 4070 Ti,797,740
01-06-24,GeForce RTX 4070 Ti,769,582
01-07-23,GeForce RTX 4070 Ti,787,750
01-07-24,GeForce RTX 4070 Ti,762,582
01-08-23,GeForce RTX 4070 Ti,790,726
01-08-24,GeForce RTX 4070 Ti,757,592
01-09-23,GeForce RTX 4070 Ti,794,736
01-09-24,GeForce RTX 4070 Ti,738,604
01-10-23,GeForce RTX 4070 Ti,771,681
01-10-24,GeForce RTX 4070 Ti,779,615
01-11-23,GeForce RTX 4070 Ti,768,686
01-11-24,GeForce RTX 4070 Ti,829,608
01-12-23,GeForce RTX 4070 Ti,776,700
01-12-24,GeForce RTX 4070 Ti,834,484
01-01-24,GeForce RTX 4070 Ti SUPER,782,0
01-02-24,GeForce RTX 4070 Ti SUPER,799,0
01-03-24,GeForce RTX 4070 Ti SUPER,807,749
01-04-24,GeForce RTX 4070 Ti SUPER,796,751
01-05-24,GeForce RTX 4070 Ti SUPER,791,749
01-06-24,GeForce RTX 4070 Ti SUPER,788,777
01-07-24,GeForce RTX 4070 Ti SUPER,782,918
01-08-24,GeForce RTX 4070 Ti SUPER,795,857
01-09-24,GeForce RTX 4070 Ti SUPER,795,822
01-10-24,GeForce RTX 4070 Ti SUPER,799,782
01-11-24,GeForce RTX 4070 Ti SUPER,784,765
01-12-24,GeForce RTX 4070 Ti SUPER,802,877
01-03-24,GeForce RTX 4080 SUPER,1076,1095
01-04-24,GeForce RTX 4080 SUPER,1036,1039
01-05-24,GeForce RTX 4080 SUPER,993,1119
01-06-24,GeForce RTX 4080 SUPER,971,952
01-07-24,GeForce RTX 4080 SUPER,962,906
01-08-24,GeForce RTX 4080 SUPER,958,911
01-09-24,GeForce RTX 4080 SUPER,964,967
01-10-24,GeForce RTX 4080 SUPER,996,968
01-11-24,GeForce RTX 4080 SUPER,995,960
01-12-24,GeForce RTX 4080 SUPER,1264,1267
01-01-23,GeForce RTX 4090,1998,1921
01-01-24,GeForce RTX 4090,1969,1812
01-02-23,GeForce RTX 4090,1684,1687
01-02-24,GeForce RTX 4090,1889,1720
01-03-23,GeForce RTX 4090,1662,1615
01-03-24,GeForce RTX 4090,1897,1706
01-04-23,GeForce RTX 4090,1633,1506
01-04-24,GeForce RTX 4090,1814,1584
01-05-23,GeForce RTX 4090,1601,1456
01-05-24,GeForce RTX 4090,1748,1487
01-06-23,GeForce RTX 4090,1598,1439
01-06-24,GeForce RTX 4090,1737,1460
01-07-23,GeForce RTX 4090,1596,1411
01-07-24,GeForce RTX 4090,1717,1409
01-08-23,GeForce RTX 4090,1609,1475
01-08-24,GeForce RTX 4090,1712,1406
01-09-23,GeForce RTX 4090,1668,1541
01-09-24,GeForce RTX 4090,1783,1596
01-10-23,GeForce RTX 4090,1678,1357
01-10-24,GeForce RTX 4090,1934,1631
01-11-23,GeForce RTX 4090,1927,1791
01-11-24,GeForce RTX 4090,2053,1681
01-12-22,GeForce RTX 4090,2079,2119
01-12-23,GeForce RTX 4090,2049,1820
01-12-24,GeForce RTX 4090,2229,794
01-01-24,Radeon R7 360,0,0
01-02-24,Radeon R7 360,0,0
01-03-23,Radeon R7 360,0,41
01-03-24,Radeon R7 360,146,55
01-04-23,Radeon R7 360,0,46
01-04-24,Radeon R7 360,146,55
01-05-23,Radeon R7 360,0,52
01-05-24,Radeon R7 360,146,55
01-06-23,Radeon R7 360,146,50
01-06-24,Radeon R7 360,146,55
01-07-23,Radeon R7 360,0,55
01-07-24,Radeon R7 360,146,55
01-08-23,Radeon R7 360,0,55
01-08-24,Radeon R7 360,146,55
01-09-23,Radeon R7 360,0,52
01-09-24,Radeon R7 360,146,55
01-10-23,Radeon R7 360,146,55
01-10-24,Radeon R7 360,146,55
01-11-23,Radeon R7 360,0,0
01-11-24,Radeon R7 360,146,55
01-12-23,Radeon R7 360,0,0
01-12-24,Radeon R7 360,146,55
01-01-24,Radeon R9 370,0,0
01-02-24,Radeon R9 370,0,0
01-03-23,Radeon R9 370,0,151
01-03-24,Radeon R9 370,227,110
01-04-23,Radeon R9 370,149,60
01-04-24,Radeon R9 370,227,110
01-05-23,Radeon R9 370,149,65
01-05-24,Radeon R9 370,227,110
01-06-23,Radeon R9 370,225,60
01-06-24,Radeon R9 370,227,110
01-07-23,Radeon R9 370,228,60
01-07-24,Radeon R9 370,227,110
01-08-23,Radeon R9 370,227,60
01-08-24,Radeon R9 370,227,110
01-09-23,Radeon R9 370,228,60
01-09-24,Radeon R9 370,227,110
01-10-23,Radeon R9 370,229,95
01-10-24,Radeon R9 370,227,110
01-11-23,Radeon R9 370,0,0
01-11-24,Radeon R9 370,227,110
01-12-23,Radeon R9 370,0,0
01-12-24,Radeon R9 370,227,110
01-01-24,Radeon R9 380,0,0
01-02-24,Radeon R9 380,0,0
01-03-23,Radeon R9 380,0,52
01-03-24,Radeon R9 380,239,50
01-04-23,Radeon R9 380,459,49
01-04-24,Radeon R9 380,239,50
01-05-23,Radeon R9 380,459,61
01-05-24,Radeon R9 380,239,50
01-06-23,Radeon R9 380,238,51
01-06-24,Radeon R9 380,239,50
01-07-23,Radeon R9 380,293,51
01-07-24,Radeon R9 380,239,50
01-08-23,Radeon R9 380,241,50
01-08-24,Radeon R9 380,239,50
01-09-23,Radeon R9 380,242,50
01-09-24,Radeon R9 380,239,50
01-10-23,Radeon R9 380,239,50
01-10-24,Radeon R9 380,239,50
01-11-23,Radeon R9 380,0,0
01-11-24,Radeon R9 380,239,50
01-12-23,Radeon R9 380,0,0
01-12-24,Radeon R9 380,239,50
01-01-24,Radeon RX 460,0,0
01-02-24,Radeon RX 460,0,0
01-03-23,Radeon RX 460,0,65
01-03-24,Radeon RX 460,217,59
01-04-23,Radeon RX 460,329,60
01-04-24,Radeon RX 460,217,59
01-05-23,Radeon RX 460,329,73
01-05-24,Radeon RX 460,217,59
01-06-23,Radeon RX 460,218,59
01-06-24,Radeon RX 460,217,59
01-07-23,Radeon RX 460,223,59
01-07-24,Radeon RX 460,217,59
01-08-23,Radeon RX 460,217,59
01-08-24,Radeon RX 460,217,59
01-09-23,Radeon RX 460,219,58
01-09-24,Radeon RX 460,217,59
01-10-23,Radeon RX 460,217,59
01-10-24,Radeon RX 460,217,59
01-11-23,Radeon RX 460,0,0
01-11-24,Radeon RX 460,217,59
01-12-23,Radeon RX 460,0,0
01-12-24,Radeon RX 460,217,59
01-01-24,Radeon RX 550,0,0
01-02-24,Radeon RX 550,0,0
01-03-23,Radeon RX 550,113,56
01-03-24,Radeon RX 550,75,50
01-04-23,Radeon RX 550,101,50
01-04-24,Radeon RX 550,75,50
01-05-23,Radeon RX 550,94,49
01-05-24,Radeon RX 550,75,50
01-06-23,Radeon RX 550,90,51
01-06-24,Radeon RX 550,75,50
01-07-23,Radeon RX 550,89,50
01-07-24,Radeon RX 550,75,50
01-08-23,Radeon RX 550,87,50
01-08-24,Radeon RX 550,75,50
01-09-23,Radeon RX 550,83,50
01-09-24,Radeon RX 550,75,50
01-10-23,Radeon RX 550,81,50
01-10-24,Radeon RX 550,75,50
01-11-23,Radeon RX 550,0,0
01-11-24,Radeon RX 550,75,50
01-12-23,Radeon RX 550,0,0
01-12-24,Radeon RX 550,75,50
01-01-24,Radeon RX 560,0,0
01-02-24,Radeon RX 560,0,0
01-03-23,Radeon RX 560,170,68
01-03-24,Radeon RX 560,216,50
01-04-23,Radeon RX 560,152,60
01-04-24,Radeon RX 560,216,50
01-05-23,Radeon RX 560,144,68
01-05-24,Radeon RX 560,216,50
01-06-23,Radeon RX 560,112,63
01-06-24,Radeon RX 560,216,50
01-07-23,Radeon RX 560,113,56
01-07-24,Radeon RX 560,216,50
01-08-23,Radeon RX 560,115,52
01-08-24,Radeon RX 560,216,50
01-09-23,Radeon RX 560,121,51
01-09-24,Radeon RX 560,216,50
01-10-23,Radeon RX 560,157,50
01-10-24,Radeon RX 560,216,50
01-11-23,Radeon RX 560,0,0
01-11-24,Radeon RX 560,216,50
01-12-23,Radeon RX 560,0,0
01-12-24,Radeon RX 560,216,50
01-01-23,Radeon RX 580,119,75
01-01-24,Radeon RX 580,129,61
01-02-23,Radeon RX 580,121,71
01-02-24,Radeon RX 580,132,63
01-03-23,Radeon RX 580,109,60
01-03-24,Radeon RX 580,139,64
01-04-23,Radeon RX 580,99,60
01-04-24,Radeon RX 580,130,63
01-05-23,Radeon RX 580,95,70
01-05-24,Radeon RX 580,131,59
01-06-23,Radeon RX 580,92,57
01-06-24,Radeon RX 580,129,63
01-07-23,Radeon RX 580,93,52
01-07-24,Radeon RX 580,129,58
01-08-23,Radeon RX 580,90,55
01-08-24,Radeon RX 580,136,58
01-09-23,Radeon RX 580,89,55
01-09-24,Radeon RX 580,131,62
01-10-23,Radeon RX 580,126,54
01-10-24,Radeon RX 580,129,56
01-11-22,Radeon RX 580,159,193
01-11-23,Radeon RX 580,125,55
01-11-24,Radeon RX 580,127,58
01-12-22,Radeon RX 580,134,89
01-12-23,Radeon RX 580,0,60
01-12-24,Radeon RX 580,134,56
01-01-23,Radeon RX 6400,140,124
01-01-24,Radeon RX 6400,159,113
01-02-23,Radeon RX 6400,146,137
01-02-24,Radeon RX 6400,157,124
01-03-23,Radeon RX 6400,145,137
01-03-24,Radeon RX 6400,156,125
01-04-23,Radeon RX 6400,147,110
01-04-24,Radeon RX 6400,151,112
01-05-23,Radeon RX 6400,136,119
01-05-24,Radeon RX 6400,153,101
01-06-23,Radeon RX 6400,136,114
01-06-24,Radeon RX 6400,152,118
01-07-23,Radeon RX 6400,141,124
01-07-24,Radeon RX 6400,154,109
01-08-23,Radeon RX 6400,135,115
01-08-24,Radeon RX 6400,156,102
01-09-23,Radeon RX 6400,135,113
01-09-24,Radeon RX 6400,146,110
01-10-23,Radeon RX 6400,138,100
01-10-24,Radeon RX 6400,139,102
01-11-22,Radeon RX 6400,149,130
01-11-23,Radeon RX 6400,159,110
01-11-24,Radeon RX 6400,139,107
01-12-22,Radeon RX 6400,142,130
01-12-23,Radeon RX 6400,154,107
01-12-24,Radeon RX 6400,144,138
01-01-23,Radeon RX 6500 XT,173,124
01-01-24,Radeon RX 6500 XT,142,90
01-02-23,Radeon RX 6500 XT,172,115
01-02-24,Radeon RX 6500 XT,145,90
01-03-23,Radeon RX 6500 XT,169,118
01-03-24,Radeon RX 6500 XT,139,91
01-04-23,Radeon RX 6500 XT,164,108
01-04-24,Radeon RX 6500 XT,161,89
01-05-23,Radeon RX 6500 XT,156,126
01-05-24,Radeon RX 6500 XT,177,79
01-06-23,Radeon RX 6500 XT,150,107
01-06-24,Radeon RX 6500 XT,173,85
01-07-23,Radeon RX 6500 XT,177,93
01-07-24,Radeon RX 6500 XT,197,83
01-08-23,Radeon RX 6500 XT,185,88
01-08-24,Radeon RX 6500 XT,183,83
01-09-23,Radeon RX 6500 XT,163,88
01-09-24,Radeon RX 6500 XT,197,78
01-10-23,Radeon RX 6500 XT,174,83
01-10-24,Radeon RX 6500 XT,175,77
01-11-22,Radeon RX 6500 XT,174,136
01-11-23,Radeon RX 6500 XT,169,89
01-11-24,Radeon RX 6500 XT,168,78
01-12-22,Radeon RX 6500 XT,164,131
01-12-23,Radeon RX 6500 XT,169,92
01-12-24,Radeon RX 6500 XT,163,80
01-01-23,Radeon RX 6600,278,180
01-01-24,Radeon RX 6600,204,165
01-02-23,Radeon RX 6600,269,170
01-02-24,Radeon RX 6600,193,168
01-03-23,Radeon RX 6600,262,176
01-03-24,Radeon RX 6600,195,167
01-04-23,Radeon RX 6600,252,158
01-04-24,Radeon RX 6600,199,165
01-05-23,Radeon RX 6600,215,157
01-05-24,Radeon RX 6600,199,159
01-06-23,Radeon RX 6600,202,137
01-06-24,Radeon RX 6600,197,148
01-07-23,Radeon RX 6600,222,140
01-07-24,Radeon RX 6600,201,148
01-08-23,Radeon RX 6600,236,139
01-08-24,Radeon RX 6600,200,145
01-09-23,Radeon RX 6600,209,133
01-09-24,Radeon RX 6600,199,155
01-10-23,Radeon RX 6600,211,130
01-10-24,Radeon RX 6600,199,143
01-11-22,Radeon RX 6600,242,214
01-11-23,Radeon RX 6600,194,137
01-11-24,Radeon RX 6600,197,144
01-12-22,Radeon RX 6600,263,178
01-12-23,Radeon RX 6600,198,142
01-12-24,Radeon RX 6600,198,163
01-01-23,Radeon RX 6600 XT,346,205
01-01-24,Radeon RX 6600 XT,493,187
01-02-23,Radeon RX 6600 XT,321,203
01-02-24,Radeon RX 6600 XT,546,185
01-03-23,Radeon RX 6600 XT,311,205
01-03-24,Radeon RX 6600 XT,449,185
01-04-23,Radeon RX 6600 XT,295,194
01-04-24,Radeon RX 6600 XT,440,180
01-05-23,Radeon RX 6600 XT,268,191
01-05-24,Radeon RX 6600 XT,447,171
01-06-23,Radeon RX 6600 XT,260,178
01-06-24,Radeon RX 6600 XT,443,163
01-07-23,Radeon RX 6600 XT,279,170
01-07-24,Radeon RX 6600 XT,373,161
01-08-23,Radeon RX 6600 XT,311,165
01-08-24,Radeon RX 6600 XT,482,154
01-09-23,Radeon RX 6600 XT,286,159
01-09-24,Radeon RX 6600 XT,499,148
01-10-23,Radeon RX 6600 XT,405,163
01-10-24,Radeon RX 6600 XT,499,150
01-11-22,Radeon RX 6600 XT,347,266
01-11-23,Radeon RX 6600 XT,383,163
01-11-24,Radeon RX 6600 XT,499,144
01-12-22,Radeon RX 6600 XT,352,207
01-12-23,Radeon RX 6600 XT,536,174
01-12-24,Radeon RX 6600 XT,499,169
01-01-23,Radeon RX 6650 XT,313,271
01-01-24,Radeon RX 6650 XT,251,226
01-02-23,Radeon RX 6650 XT,302,299
01-02-24,Radeon RX 6650 XT,234,219
01-03-23,Radeon RX 6650 XT,299,284
01-03-24,Radeon RX 6650 XT,242,219
01-04-23,Radeon RX 6650 XT,300,246
01-04-24,Radeon RX 6650 XT,232,205
01-05-23,Radeon RX 6650 XT,272,249
01-05-24,Radeon RX 6650 XT,224,200
01-06-23,Radeon RX 6650 XT,246,258
01-06-24,Radeon RX 6650 XT,227,214
01-07-23,Radeon RX 6650 XT,254,246
01-07-24,Radeon RX 6650 XT,222,197
01-08-23,Radeon RX 6650 XT,250,242
01-08-24,Radeon RX 6650 XT,209,198
01-09-23,Radeon RX 6650 XT,255,224
01-09-24,Radeon RX 6650 XT,228,190
01-10-23,Radeon RX 6650 XT,232,194
01-10-24,Radeon RX 6650 XT,217,192
01-11-22,Radeon RX 6650 XT,299,299
01-11-23,Radeon RX 6650 XT,227,199
01-11-24,Radeon RX 6650 XT,209,192
01-12-22,Radeon RX 6650 XT,304,375
01-12-23,Radeon RX 6650 XT,246,227
01-12-24,Radeon RX 6650 XT,228,199
01-01-23,Radeon RX 6700 XT,405,296
01-01-24,Radeon RX 6700 XT,381,279
01-02-23,Radeon RX 6700 XT,385,293
01-02-24,Radeon RX 6700 XT,679,282
01-03-23,Radeon RX 6700 XT,373,283
01-03-24,Radeon RX 6700 XT,702,274
01-04-23,Radeon RX 6700 XT,376,277
01-04-24,Radeon RX 6700 XT,577,263
01-05-23,Radeon RX 6700 XT,361,263
01-05-24,Radeon RX 6700 XT,715,251
01-06-23,Radeon RX 6700 XT,354,264
01-06-24,Radeon RX 6700 XT,703,238
01-07-23,Radeon RX 6700 XT,437,259
01-07-24,Radeon RX 6700 XT,771,224
01-08-23,Radeon RX 6700 XT,400,258
01-08-24,Radeon RX 6700 XT,783,212
01-09-23,Radeon RX 6700 XT,340,253
01-09-24,Radeon RX 6700 XT,713,238
01-10-23,Radeon RX 6700 XT,318,237
01-10-24,Radeon RX 6700 XT,758,235
01-11-22,Radeon RX 6700 XT,379,290
01-11-23,Radeon RX 6700 XT,311,237
01-11-24,Radeon RX 6700 XT,765,237
01-12-22,Radeon RX 6700 XT,372,292
01-12-23,Radeon RX 6700 XT,323,265
01-12-24,Radeon RX 6700 XT,771,245
01-01-23,Radeon RX 6750 XT,453,436
01-01-24,Radeon RX 6750 XT,372,328
01-02-23,Radeon RX 6750 XT,441,466
01-02-24,Radeon RX 6750 XT,372,313
01-03-23,Radeon RX 6750 XT,431,427
01-03-24,Radeon RX 6750 XT,342,310
01-04-23,Radeon RX 6750 XT,428,496
01-04-24,Radeon RX 6750 XT,334,303
01-05-23,Radeon RX 6750 XT,405,369
01-05-24,Radeon RX 6750 XT,307,284
01-06-23,Radeon RX 6750 XT,368,395
01-06-24,Radeon RX 6750 XT,301,281
01-07-23,Radeon RX 6750 XT,363,363
01-07-24,Radeon RX 6750 XT,314,300
01-08-23,Radeon RX 6750 XT,466,340
01-08-24,Radeon RX 6750 XT,312,314
01-09-23,Radeon RX 6750 XT,359,318
01-09-24,Radeon RX 6750 XT,298,278
01-10-23,Radeon RX 6750 XT,354,301
01-10-24,Radeon RX 6750 XT,327,289
01-11-22,Radeon RX 6750 XT,518,448
01-11-23,Radeon RX 6750 XT,341,317
01-11-24,Radeon RX 6750 XT,300,286
01-12-22,Radeon RX 6750 XT,469,448
01-12-23,Radeon RX 6750 XT,341,334
01-12-24,Radeon RX 6750 XT,341,291
01-01-23,Radeon RX 6800,536,425
01-01-24,Radeon RX 6800,427,350
01-02-23,Radeon RX 6800,536,406
01-02-24,Radeon RX 6800,412,346
01-03-23,Radeon RX 6800,578,384
01-03-24,Radeon RX 6800,407,348
01-04-23,Radeon RX 6800,572,388
01-04-24,Radeon RX 6800,408,344
01-05-23,Radeon RX 6800,535,381
01-05-24,Radeon RX 6800,366,325
01-06-23,Radeon RX 6800,493,358
01-06-24,Radeon RX 6800,365,313
01-07-23,Radeon RX 6800,528,370
01-07-24,Radeon RX 6800,374,305
01-08-23,Radeon RX 6800,502,367
01-08-24,Radeon RX 6800,382,313
01-09-23,Radeon RX 6800,441,353
01-09-24,Radeon RX 6800,380,308
01-10-23,Radeon RX 6800,412,335
01-10-24,Radeon RX 6800,375,307
01-11-22,Radeon RX 6800,539,415
01-11-23,Radeon RX 6800,455,320
01-11-24,Radeon RX 6800,353,312
01-12-22,Radeon RX 6800,539,429
01-12-23,Radeon RX 6800,416,352
01-12-24,Radeon RX 6800,393,326
01-01-23,Radeon RX 6800 XT,866,527
01-01-24,Radeon RX 6800 XT,556,409
01-02-23,Radeon RX 6800 XT,705,480
01-02-24,Radeon RX 6800 XT,753,408
01-03-23,Radeon RX 6800 XT,659,471
01-03-24,Radeon RX 6800 XT,954,410
01-04-23,Radeon RX 6800 XT,597,467
01-04-24,Radeon RX 6800 XT,764,405
01-05-23,Radeon RX 6800 XT,529,448
01-05-24,Radeon RX 6800 XT,666,376
01-06-23,Radeon RX 6800 XT,527,434
01-06-24,Radeon RX 6800 XT,0,362
01-07-23,Radeon RX 6800 XT,574,441
01-07-24,Radeon RX 6800 XT,818,360
01-08-23,Radeon RX 6800 XT,517,431
01-08-24,Radeon RX 6800 XT,698,371
01-09-23,Radeon RX 6800 XT,524,417
01-09-24,Radeon RX 6800 XT,964,351
01-10-23,Radeon RX 6800 XT,500,396
01-10-24,Radeon RX 6800 XT,777,360
01-11-22,Radeon RX 6800 XT,814,489
01-11-23,Radeon RX 6800 XT,481,379
01-11-24,Radeon RX 6800 XT,661,375
01-12-22,Radeon RX 6800 XT,1009,538
01-12-23,Radeon RX 6800 XT,519,408
01-12-24,Radeon RX 6800 XT,664,295
01-01-23,Radeon RX 6900 XT,1003,634
01-01-24,Radeon RX 6900 XT,1182,483
01-02-23,Radeon RX 6900 XT,942,593
01-02-24,Radeon RX 6900 XT,985,475
01-03-23,Radeon RX 6900 XT,827,538
01-03-24,Radeon RX 6900 XT,1315,467
01-04-23,Radeon RX 6900 XT,848,548
01-04-24,Radeon RX 6900 XT,1299,475
01-05-23,Radeon RX 6900 XT,653,520
01-05-24,Radeon RX 6900 XT,1183,428
01-06-23,Radeon RX 6900 XT,772,513
01-06-24,Radeon RX 6900 XT,1509,426
01-07-23,Radeon RX 6900 XT,850,512
01-07-24,Radeon RX 6900 XT,979,416
01-08-23,Radeon RX 6900 XT,993,497
01-08-24,Radeon RX 6900 XT,1014,408
01-09-23,Radeon RX 6900 XT,751,509
01-09-24,Radeon RX 6900 XT,1509,404
01-10-23,Radeon RX 6900 XT,1126,489
01-10-24,Radeon RX 6900 XT,1101,404
01-11-22,Radeon RX 6900 XT,999,684
01-11-23,Radeon RX 6900 XT,1038,459
01-11-24,Radeon RX 6900 XT,1509,396
01-12-22,Radeon RX 6900 XT,1107,669
01-12-23,Radeon RX 6900 XT,935,473
01-12-24,Radeon RX 6900 XT,1509,331
01-01-24,Radeon RX 7600,267,279
01-02-24,Radeon RX 7600,259,248
01-03-24,Radeon RX 7600,263,350
01-04-24,Radeon RX 7600,265,231
01-05-24,Radeon RX 7600,257,230
01-06-23,Radeon RX 7600,255,0
01-06-24,Radeon RX 7600,246,217
01-07-23,Radeon RX 7600,261,0
01-07-24,Radeon RX 7600,250,217
01-08-23,Radeon RX 7600,266,222
01-08-24,Radeon RX 7600,254,214
01-09-23,Radeon RX 7600,258,232
01-09-24,Radeon RX 7600,249,195
01-10-23,Radeon RX 7600,252,221
01-10-24,Radeon RX 7600,247,192
01-11-23,Radeon RX 7600,253,422
01-11-24,Radeon RX 7600,249,206
01-12-23,Radeon RX 7600,259,230
01-12-24,Radeon RX 7600,257,214
01-03-24,Radeon RX 7600 XT,326,327
01-04-24,Radeon RX 7600 XT,329,436
01-05-24,Radeon RX 7600 XT,320,533
01-06-24,Radeon RX 7600 XT,305,360
01-07-24,Radeon RX 7600 XT,311,360
01-08-24,Radeon RX 7600 XT,314,339
01-09-24,Radeon RX 7600 XT,312,286
01-10-24,Radeon RX 7600 XT,313,294
01-11-24,Radeon RX 7600 XT,306,275
01-12-24,Radeon RX 7600 XT,317,250
01-01-24,Radeon RX 7700 XT,440,370
01-02-24,Radeon RX 7700 XT,446,399
01-03-24,Radeon RX 7700 XT,411,399
01-04-24,Radeon RX 7700 XT,399,378
01-05-24,Radeon RX 7700 XT,396,420
01-06-24,Radeon RX 7700 XT,399,347
01-07-24,Radeon RX 7700 XT,388,462
01-08-24,Radeon RX 7700 XT,388,364
01-09-23,Radeon RX 7700 XT,449,0
01-09-24,Radeon RX 7700 XT,371,381
01-10-23,Radeon RX 7700 XT,441,0
01-10-24,Radeon RX 7700 XT,378,444
01-11-23,Radeon RX 7700 XT,436,0
01-11-24,Radeon RX 7700 XT,385,433
01-12-23,Radeon RX 7700 XT,432,375
01-12-24,Radeon RX 7700 XT,402,448
01-01-24,Radeon RX 7800 XT,508,490
01-02-24,Radeon RX 7800 XT,494,493
01-03-24,Radeon RX 7800 XT,496,544
01-04-24,Radeon RX 7800 XT,504,489
01-05-24,Radeon RX 7800 XT,495,441
01-06-24,Radeon RX 7800 XT,485,451
01-07-24,Radeon RX 7800 XT,493,436
01-08-24,Radeon RX 7800 XT,482,438
01-09-23,Radeon RX 7800 XT,530,0
01-09-24,Radeon RX 7800 XT,481,469
01-10-23,Radeon RX 7800 XT,513,513
01-10-24,Radeon RX 7800 XT,484,425
01-11-23,Radeon RX 7800 XT,501,483
01-11-24,Radeon RX 7800 XT,470,477
01-12-23,Radeon RX 7800 XT,521,0
01-12-24,Radeon RX 7800 XT,481,525
01-03-24,Radeon RX 7900 GRE,563,0
01-04-24,Radeon RX 7900 GRE,549,649
01-05-24,Radeon RX 7900 GRE,543,534
01-06-24,Radeon RX 7900 GRE,536,501
01-07-24,Radeon RX 7900 GRE,540,482
01-08-24,Radeon RX 7900 GRE,539,549
01-09-24,Radeon RX 7900 GRE,541,500
01-10-24,Radeon RX 7900 GRE,542,513
01-11-24,Radeon RX 7900 GRE,543,504
01-12-24,Radeon RX 7900 GRE,549,614
01-01-23,Radeon RX 7900 XT,947,885
01-01-24,Radeon RX 7900 XT,765,718
01-02-23,Radeon RX 7900 XT,927,1213
01-02-24,Radeon RX 7900 XT,733,679
01-03-23,Radeon RX 7900 XT,900,875
01-03-24,Radeon RX 7900 XT,701,678
01-04-23,Radeon RX 7900 XT,876,804
01-04-24,Radeon RX 7900 XT,699,652
01-05-23,Radeon RX 7900 XT,813,796
01-05-24,Radeon RX 7900 XT,697,645
01-06-23,Radeon RX 7900 XT,804,742
01-06-24,Radeon RX 7900 XT,700,636
01-07-23,Radeon RX 7900 XT,826,705
01-07-24,Radeon RX 7900 XT,696,630
01-08-23,Radeon RX 7900 XT,861,758
01-08-24,Radeon RX 7900 XT,692,639
01-09-23,Radeon RX 7900 XT,805,798
01-09-24,Radeon RX 7900 XT,686,606
01-10-23,Radeon RX 7900 XT,772,719
01-10-24,Radeon RX 7900 XT,659,596
01-11-23,Radeon RX 7900 XT,778,714
01-11-24,Radeon RX 7900 XT,662,633
01-12-23,Radeon RX 7900 XT,795,712
01-12-24,Radeon RX 7900 XT,686,662
01-01-23,Radeon RX 7900 XTX,1279,1273
01-01-24,Radeon RX 7900 XTX,959,897
01-02-23,Radeon RX 7900 XTX,1265,1109
01-02-24,Radeon RX 7900 XTX,932,865
01-03-23,Radeon RX 7900 XTX,1188,1030
01-03-24,Radeon RX 7900 XTX,928,840
01-04-23,Radeon RX 7900 XTX,1039,981
01-04-24,Radeon RX 7900 XTX,919,818
01-05-23,Radeon RX 7900 XTX,1012,919
01-05-24,Radeon RX 7900 XTX,913,821
01-06-23,Radeon RX 7900 XTX,1002,892
01-06-24,Radeon RX 7900 XTX,911,789
01-07-23,Radeon RX 7900 XTX,1025,880
01-07-24,Radeon RX 7900 XTX,901,754
01-08-23,Radeon RX 7900 XTX,1046,908
01-08-24,Radeon RX 7900 XTX,917,756
01-09-23,Radeon RX 7900 XTX,1003,890
01-09-24,Radeon RX 7900 XTX,865,764
01-10-23,Radeon RX 7900 XTX,931,863
01-10-24,Radeon RX 7900 XTX,869,742
01-11-23,Radeon RX 7900 XTX,946,939
01-11-24,Radeon RX 7900 XTX,868,762
01-12-23,Radeon RX 7900 XTX,961,936
01-12-24,Radeon RX 7900 XTX,894,677
